m,n,k,world,rank,variant,iter,us
16384,8192,8192,4,3,base,0,3382.944
16384,8192,8192,4,3,base,1,3359.072
16384,8192,8192,4,3,base,2,3353.792
16384,8192,8192,4,3,base,3,3346.080
16384,8192,8192,4,3,base,4,3384.928
16384,8192,8192,4,3,base,5,3371.392
16384,8192,8192,4,3,base,6,3371.584
16384,8192,8192,4,3,base,7,3418.944
16384,8192,8192,4,3,base,8,3458.176
16384,8192,8192,4,3,base,9,3461.664
16384,8192,8192,4,3,base,10,3411.936
16384,8192,8192,4,3,base,11,3380.288
16384,8192,8192,4,3,base,12,3372.192
16384,8192,8192,4,3,base,13,3362.240
16384,8192,8192,4,3,base,14,3410.016
16384,8192,8192,4,3,base,15,3445.376
16384,8192,8192,4,3,base,16,3445.280
16384,8192,8192,4,3,base,17,3447.456
16384,8192,8192,4,3,base,18,3408.128
16384,8192,8192,4,3,base,19,3404.320
16384,8192,8192,4,3,base,20,3454.304
16384,8192,8192,4,3,base,21,3447.296
16384,8192,8192,4,3,base,22,3443.776
16384,8192,8192,4,3,base,23,3380.480
16384,8192,8192,4,3,base,24,3411.584
16384,8192,8192,4,3,base,25,3383.872
16384,8192,8192,4,3,base,26,3456.192
16384,8192,8192,4,3,base,27,3393.408
16384,8192,8192,4,3,base,28,3359.584
16384,8192,8192,4,3,base,29,3447.456
16384,8192,8192,4,3,base,30,3461.408
16384,8192,8192,4,3,base,31,3385.760
16384,8192,8192,4,3,base,32,3460.512
16384,8192,8192,4,3,base,33,3464.576
16384,8192,8192,4,3,base,34,3366.080
16384,8192,8192,4,3,base,35,3413.568
16384,8192,8192,4,3,base,36,3379.808
16384,8192,8192,4,3,base,37,3457.312
16384,8192,8192,4,3,base,38,3457.568
16384,8192,8192,4,3,base,39,3403.584
16384,8192,8192,4,3,base,40,3408.384
16384,8192,8192,4,3,base,41,3454.720
16384,8192,8192,4,3,base,42,3444.416
16384,8192,8192,4,3,base,43,3463.424
16384,8192,8192,4,3,base,44,3364.384
16384,8192,8192,4,3,base,45,3460.992
16384,8192,8192,4,3,base,46,3399.520
16384,8192,8192,4,3,base,47,3456.896
16384,8192,8192,4,3,base,48,3409.952
16384,8192,8192,4,3,base,49,3385.472
16384,8192,8192,4,3,base,50,3451.680
16384,8192,8192,4,3,base,51,3376.256
16384,8192,8192,4,3,base,52,3460.896
16384,8192,8192,4,3,base,53,3387.168
16384,8192,8192,4,3,base,54,3463.104
16384,8192,8192,4,3,base,55,3419.040
16384,8192,8192,4,3,base,56,3400.832
16384,8192,8192,4,3,base,57,3462.080
16384,8192,8192,4,3,base,58,3457.600
16384,8192,8192,4,3,base,59,3417.248
16384,8192,8192,4,3,base,60,3383.648
16384,8192,8192,4,3,base,61,3380.384
16384,8192,8192,4,3,base,62,3402.112
16384,8192,8192,4,3,base,63,3412.256
16384,8192,8192,4,3,base,64,3392.448
16384,8192,8192,4,3,base,65,3408.064
16384,8192,8192,4,3,base,66,3412.128
16384,8192,8192,4,3,base,67,3386.784
16384,8192,8192,4,3,base,68,3463.264
16384,8192,8192,4,3,base,69,3379.008
16384,8192,8192,4,3,base,70,3452.544
16384,8192,8192,4,3,base,71,3452.000
16384,8192,8192,4,3,base,72,3402.976
16384,8192,8192,4,3,base,73,3454.720
16384,8192,8192,4,3,base,74,3458.432
16384,8192,8192,4,3,base,75,3455.296
16384,8192,8192,4,3,base,76,3406.336
16384,8192,8192,4,3,base,77,3406.816
16384,8192,8192,4,3,base,78,3400.672
16384,8192,8192,4,3,base,79,3388.032
16384,8192,8192,4,3,base,80,3423.232
16384,8192,8192,4,3,base,81,3369.056
16384,8192,8192,4,3,base,82,3402.784
16384,8192,8192,4,3,base,83,3397.056
16384,8192,8192,4,3,base,84,3395.808
16384,8192,8192,4,3,base,85,3451.456
16384,8192,8192,4,3,base,86,3420.288
16384,8192,8192,4,3,base,87,3458.464
16384,8192,8192,4,3,base,88,3407.936
16384,8192,8192,4,3,base,89,3454.624
16384,8192,8192,4,3,base,90,3407.744
16384,8192,8192,4,3,base,91,3456.960
16384,8192,8192,4,3,base,92,3410.048
16384,8192,8192,4,3,base,93,3391.776
16384,8192,8192,4,3,base,94,3400.064
16384,8192,8192,4,3,base,95,3407.104
16384,8192,8192,4,3,base,96,3400.096
16384,8192,8192,4,3,base,97,3376.864
16384,8192,8192,4,3,base,98,3401.504
16384,8192,8192,4,3,base,99,3388.736
16384,8192,8192,4,3,base,100,3388.256
16384,8192,8192,4,3,base,101,3385.184
16384,8192,8192,4,3,base,102,3405.792
16384,8192,8192,4,3,base,103,3381.952
16384,8192,8192,4,3,base,104,3400.960
16384,8192,8192,4,3,base,105,3400.768
16384,8192,8192,4,3,base,106,3399.840
16384,8192,8192,4,3,base,107,3404.800
16384,8192,8192,4,3,base,108,3372.960
16384,8192,8192,4,3,base,109,3371.840
16384,8192,8192,4,3,base,110,3359.648
16384,8192,8192,4,3,base,111,3401.696
16384,8192,8192,4,3,base,112,3396.192
16384,8192,8192,4,3,base,113,3401.600
16384,8192,8192,4,3,base,114,3382.208
16384,8192,8192,4,3,base,115,3398.112
16384,8192,8192,4,3,base,116,3405.216
16384,8192,8192,4,3,base,117,3480.544
16384,8192,8192,4,3,base,118,3476.416
16384,8192,8192,4,3,base,119,3499.616
16384,8192,8192,4,3,base,120,3491.360
16384,8192,8192,4,3,base,121,3494.400
16384,8192,8192,4,3,base,122,3493.344
16384,8192,8192,4,3,base,123,3483.488
16384,8192,8192,4,3,base,124,3483.616
16384,8192,8192,4,3,base,125,3486.272
16384,8192,8192,4,3,base,126,3482.112
16384,8192,8192,4,3,base,127,3475.712
16384,8192,8192,4,3,base,128,3473.856
16384,8192,8192,4,3,base,129,3480.544
16384,8192,8192,4,3,base,130,3487.744
16384,8192,8192,4,3,base,131,3483.040
16384,8192,8192,4,3,base,132,3436.544
16384,8192,8192,4,3,base,133,3482.976
16384,8192,8192,4,3,base,134,3483.680
16384,8192,8192,4,3,base,135,3480.960
16384,8192,8192,4,3,base,136,3434.432
16384,8192,8192,4,3,base,137,3427.936
16384,8192,8192,4,3,base,138,3476.928
16384,8192,8192,4,3,base,139,3440.288
16384,8192,8192,4,3,base,140,3395.872
16384,8192,8192,4,3,base,141,3451.264
16384,8192,8192,4,3,base,142,3431.584
16384,8192,8192,4,3,base,143,3373.952
16384,8192,8192,4,3,base,144,3379.616
16384,8192,8192,4,3,base,145,3380.736
16384,8192,8192,4,3,base,146,3378.528
16384,8192,8192,4,3,base,147,3373.696
16384,8192,8192,4,3,base,148,3373.408
16384,8192,8192,4,3,base,149,3379.616
16384,8192,8192,4,3,base,150,3379.552
16384,8192,8192,4,3,base,151,3380.896
16384,8192,8192,4,3,base,152,3379.200
16384,8192,8192,4,3,base,153,3379.520
16384,8192,8192,4,3,base,154,3372.096
16384,8192,8192,4,3,base,155,3373.632
16384,8192,8192,4,3,base,156,3375.040
16384,8192,8192,4,3,base,157,3379.296
16384,8192,8192,4,3,base,158,3380.384
16384,8192,8192,4,3,base,159,3375.456
16384,8192,8192,4,3,base,160,3375.872
16384,8192,8192,4,3,base,161,3380.096
16384,8192,8192,4,3,base,162,3375.168
16384,8192,8192,4,3,base,163,3373.376
16384,8192,8192,4,3,base,164,3406.848
16384,8192,8192,4,3,base,165,3404.256
16384,8192,8192,4,3,base,166,3411.648
16384,8192,8192,4,3,base,167,3400.416
16384,8192,8192,4,3,base,168,3415.904
16384,8192,8192,4,3,base,169,3397.280
16384,8192,8192,4,3,base,170,3463.200
16384,8192,8192,4,3,base,171,3458.560
16384,8192,8192,4,3,base,172,3469.504
16384,8192,8192,4,3,base,173,3407.360
16384,8192,8192,4,3,base,174,3426.272
16384,8192,8192,4,3,base,175,3411.392
16384,8192,8192,4,3,base,176,3393.792
16384,8192,8192,4,3,base,177,3394.912
16384,8192,8192,4,3,base,178,3414.752
16384,8192,8192,4,3,base,179,3384.256
16384,8192,8192,4,3,base,180,3410.080
16384,8192,8192,4,3,base,181,3463.936
16384,8192,8192,4,3,base,182,3468.064
16384,8192,8192,4,3,base,183,3401.920
16384,8192,8192,4,3,base,184,3504.704
16384,8192,8192,4,3,base,185,3498.656
16384,8192,8192,4,3,base,186,3508.832
16384,8192,8192,4,3,base,187,3509.248
16384,8192,8192,4,3,base,188,3505.888
16384,8192,8192,4,3,base,189,3504.160
16384,8192,8192,4,3,base,190,3509.120
16384,8192,8192,4,3,base,191,3493.248
16384,8192,8192,4,3,base,192,3504.064
16384,8192,8192,4,3,base,193,3496.288
16384,8192,8192,4,3,base,194,3430.688
16384,8192,8192,4,3,base,195,3430.528
16384,8192,8192,4,3,base,196,3455.872
16384,8192,8192,4,3,base,197,3511.168
16384,8192,8192,4,3,base,198,3479.488
16384,8192,8192,4,3,base,199,3469.664
16384,8192,8192,4,3,base,200,3430.944
16384,8192,8192,4,3,base,201,3494.304
16384,8192,8192,4,3,base,202,3515.488
16384,8192,8192,4,3,base,203,3431.488
16384,8192,8192,4,3,base,204,3430.816
16384,8192,8192,4,3,base,205,3507.712
16384,8192,8192,4,3,base,206,3434.688
16384,8192,8192,4,3,base,207,3471.680
16384,8192,8192,4,3,base,208,3479.616
16384,8192,8192,4,3,base,209,3471.584
16384,8192,8192,4,3,base,210,3478.016
16384,8192,8192,4,3,base,211,3431.744
16384,8192,8192,4,3,base,212,3453.024
16384,8192,8192,4,3,base,213,3438.688
16384,8192,8192,4,3,base,214,3430.976
16384,8192,8192,4,3,base,215,3520.224
16384,8192,8192,4,3,base,216,3524.192
16384,8192,8192,4,3,base,217,3519.424
16384,8192,8192,4,3,base,218,3431.232
16384,8192,8192,4,3,base,219,3470.592
16384,8192,8192,4,3,base,220,3384.128
16384,8192,8192,4,3,base,221,3386.464
16384,8192,8192,4,3,base,222,3384.704
16384,8192,8192,4,3,base,223,3384.576
16384,8192,8192,4,3,base,224,3413.984
16384,8192,8192,4,3,base,225,3384.896
16384,8192,8192,4,3,base,226,3374.944
16384,8192,8192,4,3,base,227,3375.712
16384,8192,8192,4,3,base,228,3378.720
16384,8192,8192,4,3,base,229,3378.848
16384,8192,8192,4,3,base,230,3374.368
16384,8192,8192,4,3,base,231,3378.240
16384,8192,8192,4,3,base,232,3378.240
16384,8192,8192,4,3,base,233,3374.720
16384,8192,8192,4,3,base,234,3374.336
16384,8192,8192,4,3,base,235,3379.648
16384,8192,8192,4,3,base,236,3378.016
16384,8192,8192,4,3,base,237,3374.912
16384,8192,8192,4,3,base,238,3374.528
16384,8192,8192,4,3,base,239,3378.336
16384,8192,8192,4,3,base,240,3376.608
16384,8192,8192,4,3,base,241,3378.048
16384,8192,8192,4,3,base,242,3378.080
16384,8192,8192,4,3,base,243,3376.384
16384,8192,8192,4,3,base,244,3374.496
16384,8192,8192,4,3,base,245,3379.200
16384,8192,8192,4,3,base,246,3373.664
16384,8192,8192,4,3,base,247,3374.272
16384,8192,8192,4,3,base,248,3375.648
16384,8192,8192,4,3,base,249,3375.456
16384,8192,8192,4,3,base,250,3374.688
16384,8192,8192,4,3,base,251,3378.400
16384,8192,8192,4,3,base,252,3376.960
16384,8192,8192,4,3,base,253,3375.264
16384,8192,8192,4,3,base,254,3386.112
16384,8192,8192,4,3,base,255,3411.328
16384,8192,8192,4,3,base,256,3404.416
16384,8192,8192,4,3,base,257,3411.296
16384,8192,8192,4,3,base,258,3375.552
16384,8192,8192,4,3,base,259,3405.600
16384,8192,8192,4,3,base,260,3376.544
16384,8192,8192,4,3,base,261,3376.256
16384,8192,8192,4,3,base,262,3406.848
16384,8192,8192,4,3,base,263,3453.920
16384,8192,8192,4,3,base,264,3469.664
16384,8192,8192,4,3,base,265,3434.368
16384,8192,8192,4,3,base,266,3427.200
16384,8192,8192,4,3,base,267,3427.552
16384,8192,8192,4,3,base,268,3434.336
16384,8192,8192,4,3,base,269,3460.064
16384,8192,8192,4,3,base,270,3427.584
16384,8192,8192,4,3,base,271,3434.368
16384,8192,8192,4,3,base,272,3460.608
16384,8192,8192,4,3,base,273,3434.016
16384,8192,8192,4,3,base,274,3435.648
16384,8192,8192,4,3,base,275,3465.600
16384,8192,8192,4,3,base,276,3462.976
16384,8192,8192,4,3,base,277,3461.856
16384,8192,8192,4,3,base,278,3433.408
16384,8192,8192,4,3,base,279,3463.840
16384,8192,8192,4,3,base,280,3434.464
16384,8192,8192,4,3,base,281,3462.912
16384,8192,8192,4,3,base,282,3432.992
16384,8192,8192,4,3,base,283,3422.560
16384,8192,8192,4,3,base,284,3420.704
16384,8192,8192,4,3,base,285,3415.776
16384,8192,8192,4,3,base,286,3414.912
16384,8192,8192,4,3,base,287,3420.416
16384,8192,8192,4,3,base,288,3429.632
16384,8192,8192,4,3,base,289,3415.808
16384,8192,8192,4,3,base,290,3414.528
16384,8192,8192,4,3,base,291,3427.808
16384,8192,8192,4,3,base,292,3414.688
16384,8192,8192,4,3,base,293,3415.904
16384,8192,8192,4,3,base,294,3425.504
16384,8192,8192,4,3,base,295,3416.256
16384,8192,8192,4,3,base,296,3419.744
16384,8192,8192,4,3,base,297,3420.032
16384,8192,8192,4,3,base,298,3420.928
16384,8192,8192,4,3,base,299,3374.816
16384,8192,8192,4,3,ctrl,0,3392.160
16384,8192,8192,4,3,ctrl,1,3391.776
16384,8192,8192,4,3,ctrl,2,3392.992
16384,8192,8192,4,3,ctrl,3,3392.544
16384,8192,8192,4,3,ctrl,4,3395.520
16384,8192,8192,4,3,ctrl,5,3393.536
16384,8192,8192,4,3,ctrl,6,3392.064
16384,8192,8192,4,3,ctrl,7,3392.672
16384,8192,8192,4,3,ctrl,8,3398.880
16384,8192,8192,4,3,ctrl,9,3390.272
16384,8192,8192,4,3,ctrl,10,3394.112
16384,8192,8192,4,3,ctrl,11,3398.976
16384,8192,8192,4,3,ctrl,12,3392.512
16384,8192,8192,4,3,ctrl,13,3393.088
16384,8192,8192,4,3,ctrl,14,3393.824
16384,8192,8192,4,3,ctrl,15,3391.520
16384,8192,8192,4,3,ctrl,16,3394.976
16384,8192,8192,4,3,ctrl,17,3395.552
16384,8192,8192,4,3,ctrl,18,3391.520
16384,8192,8192,4,3,ctrl,19,3396.064
16384,8192,8192,4,3,ctrl,20,3393.216
16384,8192,8192,4,3,ctrl,21,3396.512
16384,8192,8192,4,3,ctrl,22,3394.720
16384,8192,8192,4,3,ctrl,23,3393.120
16384,8192,8192,4,3,ctrl,24,3389.600
16384,8192,8192,4,3,ctrl,25,3389.696
16384,8192,8192,4,3,ctrl,26,3395.456
16384,8192,8192,4,3,ctrl,27,3389.440
16384,8192,8192,4,3,ctrl,28,3389.920
16384,8192,8192,4,3,ctrl,29,3393.344
16384,8192,8192,4,3,ctrl,30,3388.768
16384,8192,8192,4,3,ctrl,31,3391.744
16384,8192,8192,4,3,ctrl,32,3391.488
16384,8192,8192,4,3,ctrl,33,3390.848
16384,8192,8192,4,3,ctrl,34,3389.184
16384,8192,8192,4,3,ctrl,35,3390.784
16384,8192,8192,4,3,ctrl,36,3390.176
16384,8192,8192,4,3,ctrl,37,3390.688
16384,8192,8192,4,3,ctrl,38,3390.592
16384,8192,8192,4,3,ctrl,39,3387.520
16384,8192,8192,4,3,ctrl,40,3392.544
16384,8192,8192,4,3,ctrl,41,3388.384
16384,8192,8192,4,3,ctrl,42,3393.344
16384,8192,8192,4,3,ctrl,43,3394.240
16384,8192,8192,4,3,ctrl,44,3392.992
16384,8192,8192,4,3,ctrl,45,3395.040
16384,8192,8192,4,3,ctrl,46,3390.912
16384,8192,8192,4,3,ctrl,47,3389.376
16384,8192,8192,4,3,ctrl,48,3391.456
16384,8192,8192,4,3,ctrl,49,3391.872
16384,8192,8192,4,3,ctrl,50,3388.032
16384,8192,8192,4,3,ctrl,51,3389.600
16384,8192,8192,4,3,ctrl,52,3393.152
16384,8192,8192,4,3,ctrl,53,3390.688
16384,8192,8192,4,3,ctrl,54,3392.672
16384,8192,8192,4,3,ctrl,55,3390.720
16384,8192,8192,4,3,ctrl,56,3396.000
16384,8192,8192,4,3,ctrl,57,3392.928
16384,8192,8192,4,3,ctrl,58,3393.600
16384,8192,8192,4,3,ctrl,59,3393.824
16384,8192,8192,4,3,ctrl,60,3394.880
16384,8192,8192,4,3,ctrl,61,3390.336
16384,8192,8192,4,3,ctrl,62,3392.736
16384,8192,8192,4,3,ctrl,63,3392.320
16384,8192,8192,4,3,ctrl,64,3392.160
16384,8192,8192,4,3,ctrl,65,3391.872
16384,8192,8192,4,3,ctrl,66,3390.560
16384,8192,8192,4,3,ctrl,67,3395.840
16384,8192,8192,4,3,ctrl,68,3396.384
16384,8192,8192,4,3,ctrl,69,3428.256
16384,8192,8192,4,3,ctrl,70,3427.136
16384,8192,8192,4,3,ctrl,71,3425.728
16384,8192,8192,4,3,ctrl,72,3426.144
16384,8192,8192,4,3,ctrl,73,3425.344
16384,8192,8192,4,3,ctrl,74,3427.104
16384,8192,8192,4,3,ctrl,75,3425.504
16384,8192,8192,4,3,ctrl,76,3424.448
16384,8192,8192,4,3,ctrl,77,3421.760
16384,8192,8192,4,3,ctrl,78,3430.496
16384,8192,8192,4,3,ctrl,79,3427.584
16384,8192,8192,4,3,ctrl,80,3427.136
16384,8192,8192,4,3,ctrl,81,3423.040
16384,8192,8192,4,3,ctrl,82,3426.112
16384,8192,8192,4,3,ctrl,83,3423.520
16384,8192,8192,4,3,ctrl,84,3426.400
16384,8192,8192,4,3,ctrl,85,3423.360
16384,8192,8192,4,3,ctrl,86,3423.904
16384,8192,8192,4,3,ctrl,87,3423.520
16384,8192,8192,4,3,ctrl,88,3428.992
16384,8192,8192,4,3,ctrl,89,3423.584
16384,8192,8192,4,3,ctrl,90,3426.368
16384,8192,8192,4,3,ctrl,91,3422.560
16384,8192,8192,4,3,ctrl,92,3425.888
16384,8192,8192,4,3,ctrl,93,3427.648
16384,8192,8192,4,3,ctrl,94,3426.304
16384,8192,8192,4,3,ctrl,95,3424.832
16384,8192,8192,4,3,ctrl,96,3426.496
16384,8192,8192,4,3,ctrl,97,3439.296
16384,8192,8192,4,3,ctrl,98,3536.480
16384,8192,8192,4,3,ctrl,99,3541.248
16384,8192,8192,4,3,ctrl,100,3537.600
16384,8192,8192,4,3,ctrl,101,3539.872
16384,8192,8192,4,3,ctrl,102,3539.712
16384,8192,8192,4,3,ctrl,103,3539.872
16384,8192,8192,4,3,ctrl,104,3540.704
16384,8192,8192,4,3,ctrl,105,3539.040
16384,8192,8192,4,3,ctrl,106,3576.640
16384,8192,8192,4,3,ctrl,107,3575.616
16384,8192,8192,4,3,ctrl,108,3573.920
16384,8192,8192,4,3,ctrl,109,3539.232
16384,8192,8192,4,3,ctrl,110,3540.192
16384,8192,8192,4,3,ctrl,111,3539.232
16384,8192,8192,4,3,ctrl,112,3558.656
16384,8192,8192,4,3,ctrl,113,3543.776
16384,8192,8192,4,3,ctrl,114,3522.240
16384,8192,8192,4,3,ctrl,115,3500.896
16384,8192,8192,4,3,ctrl,116,3500.896
16384,8192,8192,4,3,ctrl,117,3501.472
16384,8192,8192,4,3,ctrl,118,3506.912
16384,8192,8192,4,3,ctrl,119,3502.464
16384,8192,8192,4,3,ctrl,120,3502.752
16384,8192,8192,4,3,ctrl,121,3498.016
16384,8192,8192,4,3,ctrl,122,3503.904
16384,8192,8192,4,3,ctrl,123,3501.344
16384,8192,8192,4,3,ctrl,124,3508.032
16384,8192,8192,4,3,ctrl,125,3483.968
16384,8192,8192,4,3,ctrl,126,3465.664
16384,8192,8192,4,3,ctrl,127,3463.232
16384,8192,8192,4,3,ctrl,128,3464.800
16384,8192,8192,4,3,ctrl,129,3468.992
16384,8192,8192,4,3,ctrl,130,3467.232
16384,8192,8192,4,3,ctrl,131,3464.640
16384,8192,8192,4,3,ctrl,132,3466.016
16384,8192,8192,4,3,ctrl,133,3467.872
16384,8192,8192,4,3,ctrl,134,3464.864
16384,8192,8192,4,3,ctrl,135,3465.376
16384,8192,8192,4,3,ctrl,136,3463.296
16384,8192,8192,4,3,ctrl,137,3464.160
16384,8192,8192,4,3,ctrl,138,3465.344
16384,8192,8192,4,3,ctrl,139,3461.312
16384,8192,8192,4,3,ctrl,140,3465.824
16384,8192,8192,4,3,ctrl,141,3458.848
16384,8192,8192,4,3,ctrl,142,3453.568
16384,8192,8192,4,3,ctrl,143,3424.160
16384,8192,8192,4,3,ctrl,144,3428.320
16384,8192,8192,4,3,ctrl,145,3427.488
16384,8192,8192,4,3,ctrl,146,3428.160
16384,8192,8192,4,3,ctrl,147,3427.584
16384,8192,8192,4,3,ctrl,148,3428.032
16384,8192,8192,4,3,ctrl,149,3423.456
16384,8192,8192,4,3,ctrl,150,3430.080
16384,8192,8192,4,3,ctrl,151,3424.832
16384,8192,8192,4,3,ctrl,152,3426.272
16384,8192,8192,4,3,ctrl,153,3427.104
16384,8192,8192,4,3,ctrl,154,3395.232
16384,8192,8192,4,3,ctrl,155,3392.704
16384,8192,8192,4,3,ctrl,156,3393.792
16384,8192,8192,4,3,ctrl,157,3389.920
16384,8192,8192,4,3,ctrl,158,3397.568
16384,8192,8192,4,3,ctrl,159,3392.128
16384,8192,8192,4,3,ctrl,160,3390.880
16384,8192,8192,4,3,ctrl,161,3392.768
16384,8192,8192,4,3,ctrl,162,3389.152
16384,8192,8192,4,3,ctrl,163,3390.624
16384,8192,8192,4,3,ctrl,164,3393.280
16384,8192,8192,4,3,ctrl,165,3394.464
16384,8192,8192,4,3,ctrl,166,3392.512
16384,8192,8192,4,3,ctrl,167,3391.488
16384,8192,8192,4,3,ctrl,168,3393.376
16384,8192,8192,4,3,ctrl,169,3395.648
16384,8192,8192,4,3,ctrl,170,3397.120
16384,8192,8192,4,3,ctrl,171,3390.400
16384,8192,8192,4,3,ctrl,172,3396.032
16384,8192,8192,4,3,ctrl,173,3394.592
16384,8192,8192,4,3,ctrl,174,3396.288
16384,8192,8192,4,3,ctrl,175,3390.592
16384,8192,8192,4,3,ctrl,176,3393.792
16384,8192,8192,4,3,ctrl,177,3394.848
16384,8192,8192,4,3,ctrl,178,3394.144
16384,8192,8192,4,3,ctrl,179,3393.536
16384,8192,8192,4,3,ctrl,180,3391.904
16384,8192,8192,4,3,ctrl,181,3393.152
16384,8192,8192,4,3,ctrl,182,3398.336
16384,8192,8192,4,3,ctrl,183,3427.872
16384,8192,8192,4,3,ctrl,184,3427.744
16384,8192,8192,4,3,ctrl,185,3430.464
16384,8192,8192,4,3,ctrl,186,3426.784
16384,8192,8192,4,3,ctrl,187,3425.280
16384,8192,8192,4,3,ctrl,188,3421.952
16384,8192,8192,4,3,ctrl,189,3429.920
16384,8192,8192,4,3,ctrl,190,3427.712
16384,8192,8192,4,3,ctrl,191,3426.432
16384,8192,8192,4,3,ctrl,192,3422.144
16384,8192,8192,4,3,ctrl,193,3425.696
16384,8192,8192,4,3,ctrl,194,3426.368
16384,8192,8192,4,3,ctrl,195,3426.944
16384,8192,8192,4,3,ctrl,196,3425.632
16384,8192,8192,4,3,ctrl,197,3428.960
16384,8192,8192,4,3,ctrl,198,3426.656
16384,8192,8192,4,3,ctrl,199,3424.992
16384,8192,8192,4,3,ctrl,200,3426.880
16384,8192,8192,4,3,ctrl,201,3426.816
16384,8192,8192,4,3,ctrl,202,3426.496
16384,8192,8192,4,3,ctrl,203,3423.520
16384,8192,8192,4,3,ctrl,204,3426.496
16384,8192,8192,4,3,ctrl,205,3413.600
16384,8192,8192,4,3,ctrl,206,3396.896
16384,8192,8192,4,3,ctrl,207,3398.016
16384,8192,8192,4,3,ctrl,208,3394.528
16384,8192,8192,4,3,ctrl,209,3392.096
16384,8192,8192,4,3,ctrl,210,3394.784
16384,8192,8192,4,3,ctrl,211,3396.512
16384,8192,8192,4,3,ctrl,212,3393.088
16384,8192,8192,4,3,ctrl,213,3396.512
16384,8192,8192,4,3,ctrl,214,3394.752
16384,8192,8192,4,3,ctrl,215,3395.616
16384,8192,8192,4,3,ctrl,216,3395.328
16384,8192,8192,4,3,ctrl,217,3386.976
16384,8192,8192,4,3,ctrl,218,3392.608
16384,8192,8192,4,3,ctrl,219,3390.560
16384,8192,8192,4,3,ctrl,220,3394.816
16384,8192,8192,4,3,ctrl,221,3393.024
16384,8192,8192,4,3,ctrl,222,3390.752
16384,8192,8192,4,3,ctrl,223,3391.520
16384,8192,8192,4,3,ctrl,224,3394.208
16384,8192,8192,4,3,ctrl,225,3394.720
16384,8192,8192,4,3,ctrl,226,3395.808
16384,8192,8192,4,3,ctrl,227,3395.200
16384,8192,8192,4,3,ctrl,228,3396.320
16384,8192,8192,4,3,ctrl,229,3395.808
16384,8192,8192,4,3,ctrl,230,3390.272
16384,8192,8192,4,3,ctrl,231,3394.976
16384,8192,8192,4,3,ctrl,232,3395.712
16384,8192,8192,4,3,ctrl,233,3393.824
16384,8192,8192,4,3,ctrl,234,3391.360
16384,8192,8192,4,3,ctrl,235,3391.456
16384,8192,8192,4,3,ctrl,236,3394.112
16384,8192,8192,4,3,ctrl,237,3396.992
16384,8192,8192,4,3,ctrl,238,3397.920
16384,8192,8192,4,3,ctrl,239,3390.144
16384,8192,8192,4,3,ctrl,240,3395.104
16384,8192,8192,4,3,ctrl,241,3388.224
16384,8192,8192,4,3,ctrl,242,3391.904
16384,8192,8192,4,3,ctrl,243,3392.288
16384,8192,8192,4,3,ctrl,244,3392.192
16384,8192,8192,4,3,ctrl,245,3392.224
16384,8192,8192,4,3,ctrl,246,3398.624
16384,8192,8192,4,3,ctrl,247,3393.056
16384,8192,8192,4,3,ctrl,248,3396.288
16384,8192,8192,4,3,ctrl,249,3389.120
16384,8192,8192,4,3,ctrl,250,3391.328
16384,8192,8192,4,3,ctrl,251,3391.616
16384,8192,8192,4,3,ctrl,252,3394.880
16384,8192,8192,4,3,ctrl,253,3389.536
16384,8192,8192,4,3,ctrl,254,3390.880
16384,8192,8192,4,3,ctrl,255,3391.488
16384,8192,8192,4,3,ctrl,256,3390.720
16384,8192,8192,4,3,ctrl,257,3391.680
16384,8192,8192,4,3,ctrl,258,3392.640
16384,8192,8192,4,3,ctrl,259,3391.872
16384,8192,8192,4,3,ctrl,260,3396.544
16384,8192,8192,4,3,ctrl,261,3391.520
16384,8192,8192,4,3,ctrl,262,3391.904
16384,8192,8192,4,3,ctrl,263,3392.800
16384,8192,8192,4,3,ctrl,264,3390.528
16384,8192,8192,4,3,ctrl,265,3393.984
16384,8192,8192,4,3,ctrl,266,3391.584
16384,8192,8192,4,3,ctrl,267,3392.992
16384,8192,8192,4,3,ctrl,268,3388.896
16384,8192,8192,4,3,ctrl,269,3390.400
16384,8192,8192,4,3,ctrl,270,3389.184
16384,8192,8192,4,3,ctrl,271,3392.928
16384,8192,8192,4,3,ctrl,272,3389.440
16384,8192,8192,4,3,ctrl,273,3391.008
16384,8192,8192,4,3,ctrl,274,3390.912
16384,8192,8192,4,3,ctrl,275,3390.624
16384,8192,8192,4,3,ctrl,276,3391.104
16384,8192,8192,4,3,ctrl,277,3393.408
16384,8192,8192,4,3,ctrl,278,3396.448
16384,8192,8192,4,3,ctrl,279,3391.136
16384,8192,8192,4,3,ctrl,280,3391.008
16384,8192,8192,4,3,ctrl,281,3393.376
16384,8192,8192,4,3,ctrl,282,3396.608
16384,8192,8192,4,3,ctrl,283,3396.608
16384,8192,8192,4,3,ctrl,284,3394.528
16384,8192,8192,4,3,ctrl,285,3394.016
16384,8192,8192,4,3,ctrl,286,3395.872
16384,8192,8192,4,3,ctrl,287,3396.800
16384,8192,8192,4,3,ctrl,288,3394.176
16384,8192,8192,4,3,ctrl,289,3393.984
16384,8192,8192,4,3,ctrl,290,3392.800
16384,8192,8192,4,3,ctrl,291,3392.224
16384,8192,8192,4,3,ctrl,292,3395.712
16384,8192,8192,4,3,ctrl,293,3394.208
16384,8192,8192,4,3,ctrl,294,3391.808
16384,8192,8192,4,3,ctrl,295,3394.240
16384,8192,8192,4,3,ctrl,296,3394.208
16384,8192,8192,4,3,ctrl,297,3391.424
16384,8192,8192,4,3,ctrl,298,3392.288
16384,8192,8192,4,3,ctrl,299,3396.544
16384,8192,8192,4,3,fused,0,3788.768
16384,8192,8192,4,3,fused,1,3805.376
16384,8192,8192,4,3,fused,2,3807.936
16384,8192,8192,4,3,fused,3,3795.232
16384,8192,8192,4,3,fused,4,3794.656
16384,8192,8192,4,3,fused,5,3807.680
16384,8192,8192,4,3,fused,6,3801.088
16384,8192,8192,4,3,fused,7,3775.648
16384,8192,8192,4,3,fused,8,3794.816
16384,8192,8192,4,3,fused,9,3804.288
16384,8192,8192,4,3,fused,10,3807.840
16384,8192,8192,4,3,fused,11,3790.784
16384,8192,8192,4,3,fused,12,3795.904
16384,8192,8192,4,3,fused,13,3800.000
16384,8192,8192,4,3,fused,14,3802.336
16384,8192,8192,4,3,fused,15,3788.576
16384,8192,8192,4,3,fused,16,3794.976
16384,8192,8192,4,3,fused,17,3798.816
16384,8192,8192,4,3,fused,18,3811.296
16384,8192,8192,4,3,fused,19,3783.776
16384,8192,8192,4,3,fused,20,3793.760
16384,8192,8192,4,3,fused,21,3798.432
16384,8192,8192,4,3,fused,22,3803.040
16384,8192,8192,4,3,fused,23,3758.400
16384,8192,8192,4,3,fused,24,3775.264
16384,8192,8192,4,3,fused,25,3806.880
16384,8192,8192,4,3,fused,26,3791.488
16384,8192,8192,4,3,fused,27,3754.016
16384,8192,8192,4,3,fused,28,3781.760
16384,8192,8192,4,3,fused,29,3781.600
16384,8192,8192,4,3,fused,30,3797.376
16384,8192,8192,4,3,fused,31,3765.920
16384,8192,8192,4,3,fused,32,3773.792
16384,8192,8192,4,3,fused,33,3786.848
16384,8192,8192,4,3,fused,34,3791.488
16384,8192,8192,4,3,fused,35,3761.696
16384,8192,8192,4,3,fused,36,3780.800
16384,8192,8192,4,3,fused,37,3792.992
16384,8192,8192,4,3,fused,38,3776.768
16384,8192,8192,4,3,fused,39,3759.968
16384,8192,8192,4,3,fused,40,3819.680
16384,8192,8192,4,3,fused,41,3838.016
16384,8192,8192,4,3,fused,42,3827.488
16384,8192,8192,4,3,fused,43,3806.080
16384,8192,8192,4,3,fused,44,3838.112
16384,8192,8192,4,3,fused,45,3824.288
16384,8192,8192,4,3,fused,46,3823.200
16384,8192,8192,4,3,fused,47,3798.912
16384,8192,8192,4,3,fused,48,3808.864
16384,8192,8192,4,3,fused,49,3818.816
16384,8192,8192,4,3,fused,50,3829.952
16384,8192,8192,4,3,fused,51,3804.480
16384,8192,8192,4,3,fused,52,3808.192
16384,8192,8192,4,3,fused,53,3820.032
16384,8192,8192,4,3,fused,54,3812.576
16384,8192,8192,4,3,fused,55,3793.184
16384,8192,8192,4,3,fused,56,3817.728
16384,8192,8192,4,3,fused,57,3823.616
16384,8192,8192,4,3,fused,58,3827.072
16384,8192,8192,4,3,fused,59,3808.416
16384,8192,8192,4,3,fused,60,3805.536
16384,8192,8192,4,3,fused,61,3813.184
16384,8192,8192,4,3,fused,62,3815.424
16384,8192,8192,4,3,fused,63,3769.152
16384,8192,8192,4,3,fused,64,3779.904
16384,8192,8192,4,3,fused,65,3797.088
16384,8192,8192,4,3,fused,66,3791.808
16384,8192,8192,4,3,fused,67,3764.416
16384,8192,8192,4,3,fused,68,3786.944
16384,8192,8192,4,3,fused,69,3789.568
16384,8192,8192,4,3,fused,70,3783.904
16384,8192,8192,4,3,fused,71,3755.968
16384,8192,8192,4,3,fused,72,3797.440
16384,8192,8192,4,3,fused,73,3786.816
16384,8192,8192,4,3,fused,74,3785.152
16384,8192,8192,4,3,fused,75,3755.840
16384,8192,8192,4,3,fused,76,3785.920
16384,8192,8192,4,3,fused,77,3788.512
16384,8192,8192,4,3,fused,78,3793.248
16384,8192,8192,4,3,fused,79,3764.960
16384,8192,8192,4,3,fused,80,3773.184
16384,8192,8192,4,3,fused,81,3792.128
16384,8192,8192,4,3,fused,82,3789.888
16384,8192,8192,4,3,fused,83,3759.136
16384,8192,8192,4,3,fused,84,3780.160
16384,8192,8192,4,3,fused,85,3794.144
16384,8192,8192,4,3,fused,86,3787.424
16384,8192,8192,4,3,fused,87,3760.896
16384,8192,8192,4,3,fused,88,3777.856
16384,8192,8192,4,3,fused,89,3793.984
16384,8192,8192,4,3,fused,90,3789.184
16384,8192,8192,4,3,fused,91,3756.384
16384,8192,8192,4,3,fused,92,3791.232
16384,8192,8192,4,3,fused,93,3792.096
16384,8192,8192,4,3,fused,94,3791.040
16384,8192,8192,4,3,fused,95,3773.632
16384,8192,8192,4,3,fused,96,3798.912
16384,8192,8192,4,3,fused,97,3805.504
16384,8192,8192,4,3,fused,98,3798.880
16384,8192,8192,4,3,fused,99,3778.080
16384,8192,8192,4,3,fused,100,3794.528
16384,8192,8192,4,3,fused,101,3815.040
16384,8192,8192,4,3,fused,102,3788.864
16384,8192,8192,4,3,fused,103,3779.680
16384,8192,8192,4,3,fused,104,3790.400
16384,8192,8192,4,3,fused,105,3812.864
16384,8192,8192,4,3,fused,106,3803.264
16384,8192,8192,4,3,fused,107,3782.656
16384,8192,8192,4,3,fused,108,3778.656
16384,8192,8192,4,3,fused,109,3798.592
16384,8192,8192,4,3,fused,110,3791.040
16384,8192,8192,4,3,fused,111,3777.472
16384,8192,8192,4,3,fused,112,3806.624
16384,8192,8192,4,3,fused,113,3817.472
16384,8192,8192,4,3,fused,114,3802.752
16384,8192,8192,4,3,fused,115,3773.728
16384,8192,8192,4,3,fused,116,3794.944
16384,8192,8192,4,3,fused,117,3833.088
16384,8192,8192,4,3,fused,118,3798.464
16384,8192,8192,4,3,fused,119,3769.824
16384,8192,8192,4,3,fused,120,3784.096
16384,8192,8192,4,3,fused,121,3804.256
16384,8192,8192,4,3,fused,122,3796.032
16384,8192,8192,4,3,fused,123,3759.072
16384,8192,8192,4,3,fused,124,3778.848
16384,8192,8192,4,3,fused,125,3785.600
16384,8192,8192,4,3,fused,126,3785.632
16384,8192,8192,4,3,fused,127,3764.000
16384,8192,8192,4,3,fused,128,3775.424
16384,8192,8192,4,3,fused,129,3791.040
16384,8192,8192,4,3,fused,130,3799.392
16384,8192,8192,4,3,fused,131,3760.032
16384,8192,8192,4,3,fused,132,3777.504
16384,8192,8192,4,3,fused,133,3797.024
16384,8192,8192,4,3,fused,134,3796.000
16384,8192,8192,4,3,fused,135,3759.488
16384,8192,8192,4,3,fused,136,3779.360
16384,8192,8192,4,3,fused,137,3782.656
16384,8192,8192,4,3,fused,138,3788.352
16384,8192,8192,4,3,fused,139,3760.096
16384,8192,8192,4,3,fused,140,3777.504
16384,8192,8192,4,3,fused,141,3822.208
16384,8192,8192,4,3,fused,142,3794.272
16384,8192,8192,4,3,fused,143,3784.192
16384,8192,8192,4,3,fused,144,3817.888
16384,8192,8192,4,3,fused,145,3826.624
16384,8192,8192,4,3,fused,146,3847.200
16384,8192,8192,4,3,fused,147,3819.232
16384,8192,8192,4,3,fused,148,3822.432
16384,8192,8192,4,3,fused,149,3816.960
16384,8192,8192,4,3,fused,150,3811.136
16384,8192,8192,4,3,fused,151,3793.216
16384,8192,8192,4,3,fused,152,3806.304
16384,8192,8192,4,3,fused,153,3844.832
16384,8192,8192,4,3,fused,154,3845.088
16384,8192,8192,4,3,fused,155,3811.584
16384,8192,8192,4,3,fused,156,3840.480
16384,8192,8192,4,3,fused,157,3853.600
16384,8192,8192,4,3,fused,158,3851.904
16384,8192,8192,4,3,fused,159,3796.992
16384,8192,8192,4,3,fused,160,3810.144
16384,8192,8192,4,3,fused,161,3818.912
16384,8192,8192,4,3,fused,162,3815.040
16384,8192,8192,4,3,fused,163,3798.112
16384,8192,8192,4,3,fused,164,3803.616
16384,8192,8192,4,3,fused,165,3814.656
16384,8192,8192,4,3,fused,166,3814.528
16384,8192,8192,4,3,fused,167,3789.248
16384,8192,8192,4,3,fused,168,3805.120
16384,8192,8192,4,3,fused,169,3856.160
16384,8192,8192,4,3,fused,170,3852.608
16384,8192,8192,4,3,fused,171,3812.128
16384,8192,8192,4,3,fused,172,3832.928
16384,8192,8192,4,3,fused,173,3820.352
16384,8192,8192,4,3,fused,174,3809.504
16384,8192,8192,4,3,fused,175,3794.304
16384,8192,8192,4,3,fused,176,3810.432
16384,8192,8192,4,3,fused,177,3830.048
16384,8192,8192,4,3,fused,178,3813.312
16384,8192,8192,4,3,fused,179,3781.248
16384,8192,8192,4,3,fused,180,3800.416
16384,8192,8192,4,3,fused,181,3823.840
16384,8192,8192,4,3,fused,182,3832.032
16384,8192,8192,4,3,fused,183,3790.240
16384,8192,8192,4,3,fused,184,3816.480
16384,8192,8192,4,3,fused,185,3803.328
16384,8192,8192,4,3,fused,186,3806.304
16384,8192,8192,4,3,fused,187,3773.312
16384,8192,8192,4,3,fused,188,3793.760
16384,8192,8192,4,3,fused,189,3815.136
16384,8192,8192,4,3,fused,190,3801.088
16384,8192,8192,4,3,fused,191,3771.968
16384,8192,8192,4,3,fused,192,3788.000
16384,8192,8192,4,3,fused,193,3812.000
16384,8192,8192,4,3,fused,194,3793.152
16384,8192,8192,4,3,fused,195,3760.128
16384,8192,8192,4,3,fused,196,3768.960
16384,8192,8192,4,3,fused,197,3780.928
16384,8192,8192,4,3,fused,198,3793.184
16384,8192,8192,4,3,fused,199,3771.488
16384,8192,8192,4,3,fused,200,3798.304
16384,8192,8192,4,3,fused,201,3810.368
16384,8192,8192,4,3,fused,202,3792.192
16384,8192,8192,4,3,fused,203,3781.952
16384,8192,8192,4,3,fused,204,3791.552
16384,8192,8192,4,3,fused,205,3808.768
16384,8192,8192,4,3,fused,206,3811.776
16384,8192,8192,4,3,fused,207,3778.240
16384,8192,8192,4,3,fused,208,3784.960
16384,8192,8192,4,3,fused,209,3811.072
16384,8192,8192,4,3,fused,210,3806.560
16384,8192,8192,4,3,fused,211,3772.800
16384,8192,8192,4,3,fused,212,3808.000
16384,8192,8192,4,3,fused,213,3812.128
16384,8192,8192,4,3,fused,214,3815.008
16384,8192,8192,4,3,fused,215,3773.696
16384,8192,8192,4,3,fused,216,3799.776
16384,8192,8192,4,3,fused,217,3810.880
16384,8192,8192,4,3,fused,218,3803.552
16384,8192,8192,4,3,fused,219,3777.344
16384,8192,8192,4,3,fused,220,3798.208
16384,8192,8192,4,3,fused,221,3802.912
16384,8192,8192,4,3,fused,222,3803.840
16384,8192,8192,4,3,fused,223,3764.992
16384,8192,8192,4,3,fused,224,3784.544
16384,8192,8192,4,3,fused,225,3789.280
16384,8192,8192,4,3,fused,226,3796.256
16384,8192,8192,4,3,fused,227,3757.696
16384,8192,8192,4,3,fused,228,3778.368
16384,8192,8192,4,3,fused,229,3793.632
16384,8192,8192,4,3,fused,230,3783.296
16384,8192,8192,4,3,fused,231,3756.256
16384,8192,8192,4,3,fused,232,3775.424
16384,8192,8192,4,3,fused,233,3796.576
16384,8192,8192,4,3,fused,234,3781.056
16384,8192,8192,4,3,fused,235,3761.056
16384,8192,8192,4,3,fused,236,3779.776
16384,8192,8192,4,3,fused,237,3823.424
16384,8192,8192,4,3,fused,238,3789.216
16384,8192,8192,4,3,fused,239,3763.488
16384,8192,8192,4,3,fused,240,3780.992
16384,8192,8192,4,3,fused,241,3797.472
16384,8192,8192,4,3,fused,242,3784.096
16384,8192,8192,4,3,fused,243,3768.128
16384,8192,8192,4,3,fused,244,3781.536
16384,8192,8192,4,3,fused,245,3795.968
16384,8192,8192,4,3,fused,246,3791.136
16384,8192,8192,4,3,fused,247,3769.952
16384,8192,8192,4,3,fused,248,3782.816
16384,8192,8192,4,3,fused,249,3789.728
16384,8192,8192,4,3,fused,250,3790.752
16384,8192,8192,4,3,fused,251,3782.592
16384,8192,8192,4,3,fused,252,3797.888
16384,8192,8192,4,3,fused,253,3850.560
16384,8192,8192,4,3,fused,254,3841.376
16384,8192,8192,4,3,fused,255,3809.472
16384,8192,8192,4,3,fused,256,3831.008
16384,8192,8192,4,3,fused,257,3833.728
16384,8192,8192,4,3,fused,258,3811.584
16384,8192,8192,4,3,fused,259,3797.152
16384,8192,8192,4,3,fused,260,3803.104
16384,8192,8192,4,3,fused,261,3819.936
16384,8192,8192,4,3,fused,262,3807.840
16384,8192,8192,4,3,fused,263,3792.928
16384,8192,8192,4,3,fused,264,3795.872
16384,8192,8192,4,3,fused,265,3816.544
16384,8192,8192,4,3,fused,266,3801.792
16384,8192,8192,4,3,fused,267,3782.624
16384,8192,8192,4,3,fused,268,3804.352
16384,8192,8192,4,3,fused,269,3819.712
16384,8192,8192,4,3,fused,270,3820.992
16384,8192,8192,4,3,fused,271,3789.888
16384,8192,8192,4,3,fused,272,3810.016
16384,8192,8192,4,3,fused,273,3821.536
16384,8192,8192,4,3,fused,274,3832.128
16384,8192,8192,4,3,fused,275,3812.672
16384,8192,8192,4,3,fused,276,3812.640
16384,8192,8192,4,3,fused,277,3817.600
16384,8192,8192,4,3,fused,278,3827.712
16384,8192,8192,4,3,fused,279,3798.592
16384,8192,8192,4,3,fused,280,3807.328
16384,8192,8192,4,3,fused,281,3820.512
16384,8192,8192,4,3,fused,282,3822.592
16384,8192,8192,4,3,fused,283,3804.096
16384,8192,8192,4,3,fused,284,3830.272
16384,8192,8192,4,3,fused,285,3817.024
16384,8192,8192,4,3,fused,286,3828.384
16384,8192,8192,4,3,fused,287,3802.944
16384,8192,8192,4,3,fused,288,3812.480
16384,8192,8192,4,3,fused,289,3826.592
16384,8192,8192,4,3,fused,290,3835.776
16384,8192,8192,4,3,fused,291,3806.688
16384,8192,8192,4,3,fused,292,3817.024
16384,8192,8192,4,3,fused,293,3833.568
16384,8192,8192,4,3,fused,294,3825.632
16384,8192,8192,4,3,fused,295,3808.416
16384,8192,8192,4,3,fused,296,3819.488
16384,8192,8192,4,3,fused,297,3805.248
16384,8192,8192,4,3,fused,298,3810.528
16384,8192,8192,4,3,fused,299,3790.208
