m,n,k,world,rank,base_us,base_p95,ctrl_us,ctrl_p95,fused_us,fused_p95,struct_sd,comm_sd,total_sd,pull_gbps,max_rel_diff,base_p50,ctrl_p50,fused_p50,base_min,ctrl_min,fused_min,comm_sd_p50,comm_sd_skew,comm_abs_us,order,iters
32768,8192,8192,4,0,6793.13,7008.19,6814.23,7174.18,7530.19,8480.67,1.0031,1.1051,1.1085,53.47,0.01796,6782.05,6710.46,7358.59,6549.98,6555.42,7249.47,1.0966,1.0793,715.96,fused,ctrl,base,300
32768,8192,8192,4,1,7209.53,8184.10,6911.03,7152.10,7527.60,8071.01,0.9586,1.0892,1.0441,53.49,0.01818,7050.24,6881.63,7461.06,6781.02,6735.71,7312.16,1.0842,1.0790,616.58,fused,ctrl,base,300
32768,8192,8192,4,2,7128.05,7804.83,6976.68,7153.47,7553.01,8122.34,0.9788,1.0826,1.0596,53.31,0.0184,7046.53,6944.13,7491.87,6769.92,6783.81,7341.54,1.0789,1.0826,576.33,fused,ctrl,base,300
32768,8192,8192,4,3,6901.41,7124.58,6762.05,6915.26,7534.66,8528.51,0.9798,1.1143,1.0918,53.44,0.02256,6897.92,6727.39,7336.58,6649.76,6644.93,7229.60,1.0906,1.0800,772.61,fused,ctrl,base,300
m,n,k,world,rank,base_us,base_p95,ctrl_us,ctrl_p95,fused_us,fused_p95,struct_sd,comm_sd,total_sd,pull_gbps,max_rel_diff,base_p50,ctrl_p50,fused_p50,base_min,ctrl_min,fused_min,comm_sd_p50,comm_sd_skew,comm_abs_us,order,iters
16384,8192,8192,4,0,3454.90,3582.46,3431.32,3617.92,3801.24,4438.37,0.9932,1.1078,1.1002,52.96,0.01796,3437.18,3392.58,3706.78,3340.48,3336.48,3686.82,1.0926,1.0859,369.92,fused,ctrl,base,300
16384,8192,8192,4,1,3509.06,3587.58,3484.00,3667.46,3798.45,4230.11,0.9929,1.0903,1.0825,53.00,0.02013,3501.66,3465.12,3751.20,3448.93,3414.94,3736.90,1.0826,1.0851,314.46,fused,ctrl,base,300
16384,8192,8192,4,2,3556.38,3741.98,3500.50,3789.63,3812.00,4212.67,0.9843,1.0890,1.0719,52.81,0.02069,3541.15,3431.87,3769.12,3389.82,3399.01,3750.08,1.0983,1.0890,311.50,fused,ctrl,base,300
16384,8192,8192,4,3,3436.30,3543.65,3412.30,3502.46,3816.01,4484.03,0.9930,1.1183,1.1105,52.76,0.02326,3427.84,3395.04,3707.81,3374.43,3361.06,3684.70,1.0921,1.0901,403.71,fused,ctrl,base,300
