mode,fanin,bytes,min_us,p50_us,p95_us,p99_us,verify
signal,1,0,2.498,2.707,2.714,2.717,skip
signal,2,0,2.705,2.719,2.927,2.939,skip
signal,4,0,2.706,2.721,2.937,2.943,skip
signal,8,0,2.708,2.723,2.937,2.944,skip
signal,16,0,2.731,2.961,3.589,3.601,skip
signal,32,0,2.719,3.554,3.764,3.780,skip
post,1,4096,2.497,2.704,2.714,2.733,ok
post,1,8192,2.499,2.706,2.713,2.715,ok
post,1,16384,2.498,2.703,2.713,2.729,ok
post,1,32768,2.498,2.706,2.714,2.718,ok
post,1,65536,2.498,2.707,2.713,2.718,ok
post,1,131072,2.499,2.705,2.713,2.716,ok
post,2,4096,2.526,2.713,2.722,2.739,ok
post,2,8192,2.703,2.713,2.734,2.922,ok
post,2,16384,2.701,2.713,2.731,2.922,ok
post,2,32768,2.704,2.714,2.920,2.924,ok
post,2,65536,2.703,2.713,2.921,2.924,ok
post,2,131072,2.703,2.713,2.921,2.924,ok
post,4,4096,2.706,2.719,2.923,2.933,ok
post,4,8192,2.706,2.719,2.740,2.928,ok
post,4,16384,2.537,2.719,2.736,2.928,ok
post,4,32768,2.707,2.719,2.744,2.932,ok
post,4,65536,2.705,2.720,3.551,3.573,ok
post,4,131072,2.707,2.720,2.930,2.937,ok
post,8,4096,2.709,2.719,2.746,2.938,ok
post,8,8192,2.712,2.721,2.736,2.753,ok
post,8,16384,2.709,2.720,2.734,2.748,ok
post,8,32768,2.705,2.719,2.735,2.756,ok
post,8,65536,2.707,2.719,2.732,2.753,ok
post,8,131072,2.706,2.719,4.379,4.392,ok
post,16,4096,2.729,2.743,4.407,4.603,ok
post,16,8192,2.730,2.741,3.365,3.382,ok
post,16,16384,2.733,3.380,4.227,4.429,ok
post,16,32768,2.730,3.362,3.591,3.596,ok
post,16,65536,2.729,2.748,3.578,3.588,ok
post,16,131072,2.729,2.947,3.580,3.594,ok
post,32,4096,2.701,3.338,3.585,3.622,ok
post,32,8192,2.704,3.364,3.601,3.786,ok
post,32,16384,2.703,3.349,3.578,3.613,ok
post,32,32768,2.700,3.360,3.588,3.608,ok
post,32,65536,2.696,2.926,3.568,3.590,ok
post,32,131072,2.698,3.357,3.591,3.772,ok
push,1,4096,3.116,3.326,3.331,3.334,ok
push,1,8192,3.324,3.532,3.537,3.540,ok
push,1,16384,3.767,3.946,4.152,4.156,ok
push,1,32768,4.559,4.771,4.977,4.979,ok
push,1,65536,6.210,6.618,6.643,6.829,ok
push,1,131072,9.499,9.914,10.123,10.125,ok
push,2,4096,3.321,3.330,3.540,3.543,ok
push,2,8192,3.528,3.540,3.749,3.753,ok
push,2,16384,3.938,3.953,4.162,4.164,ok
push,2,32768,4.763,4.976,4.987,4.994,ok
push,2,65536,6.412,6.627,6.839,6.852,ok
push,2,131072,9.705,10.122,10.329,10.336,ok
push,4,4096,3.322,3.336,3.549,3.554,ok
push,4,8192,3.529,3.549,3.758,3.764,ok
push,4,16384,3.942,4.166,4.585,4.786,ok
push,4,32768,4.766,4.984,4.998,5.002,ok
push,4,65536,6.414,6.636,6.848,6.853,ok
push,4,131072,9.912,10.132,10.342,10.350,ok
push,8,4096,3.324,3.348,3.554,3.563,ok
push,8,8192,3.534,3.753,3.768,3.782,ok
push,8,16384,4.153,4.163,4.176,4.183,ok
push,8,32768,4.970,4.985,5.198,5.210,ok
push,8,65536,6.620,6.840,6.862,7.050,ok
push,8,131072,9.940,10.152,10.544,10.562,ok
push,16,4096,3.387,3.582,4.815,4.831,ok
push,16,8192,3.609,3.783,3.807,3.823,ok
push,16,16384,4.178,4.197,4.224,4.254,ok
push,16,32768,5.008,5.036,6.097,6.280,ok
push,16,65536,6.677,6.897,6.928,7.103,ok
push,16,131072,10.031,10.436,11.293,11.709,ok
push,32,4096,3.453,3.617,3.655,3.673,ok
push,32,8192,3.909,3.934,4.017,4.154,ok
push,32,16384,4.634,4.673,4.761,4.856,ok
push,32,32768,6.117,6.187,6.296,6.383,ok
push,32,65536,8.877,9.077,9.145,9.156,ok
push,32,131072,14.547,14.615,14.791,14.813,ok
push_fence,1,4096,3.115,3.325,3.331,3.334,ok
push_fence,1,8192,3.323,3.532,3.538,3.555,ok
push_fence,1,16384,3.770,3.946,4.154,4.156,ok
push_fence,1,32768,4.561,4.771,4.978,4.981,ok
push_fence,1,65536,6.207,6.619,6.629,6.829,ok
push_fence,1,131072,9.502,9.914,10.123,10.141,ok
push_fence,2,4096,3.319,3.329,3.541,3.544,ok
push_fence,2,8192,3.528,3.542,3.750,3.753,ok
push_fence,2,16384,3.938,3.957,4.161,4.169,ok
push_fence,2,32768,4.761,4.977,4.989,4.999,ok
push_fence,2,65536,6.409,6.627,6.839,6.849,ok
push_fence,2,131072,9.710,10.122,10.330,10.340,ok
push_fence,4,4096,3.324,3.339,3.554,3.561,ok
push_fence,4,8192,3.529,3.746,3.759,3.764,ok
push_fence,4,16384,3.941,4.161,4.174,4.181,ok
push_fence,4,32768,4.765,4.984,4.998,5.007,ok
push_fence,4,65536,6.615,6.638,6.848,6.857,ok
push_fence,4,131072,9.909,10.132,10.345,10.351,ok
push_fence,8,4096,3.325,3.541,3.558,3.569,ok
push_fence,8,8192,3.532,3.752,3.768,3.778,ok
push_fence,8,16384,4.151,4.162,4.178,4.187,ok
push_fence,8,32768,4.971,4.986,5.199,5.207,ok
push_fence,8,65536,6.622,6.843,8.080,8.097,ok
push_fence,8,131072,10.116,10.338,10.558,10.778,ok
push_fence,16,4096,3.368,3.570,3.600,3.611,ok
push_fence,16,8192,3.604,3.781,3.812,3.824,ok
push_fence,16,16384,4.177,4.193,4.225,4.398,ok
push_fence,16,32768,5.004,5.037,5.245,5.255,ok
push_fence,16,65536,6.687,6.900,7.112,7.137,ok
push_fence,16,131072,10.197,10.436,10.895,11.080,ok
push_fence,32,4096,3.485,3.618,3.765,3.817,ok
push_fence,32,8192,3.906,3.947,4.164,4.196,ok
push_fence,32,16384,4.633,4.741,5.722,5.790,ok
push_fence,32,32768,6.096,6.219,7.020,7.059,ok
push_fence,32,65536,8.872,9.085,9.267,9.296,ok
push_fence,32,131072,14.555,14.766,15.015,15.678,ok
pull,1,4096,2.259,2.268,2.273,2.281,ok
pull,1,8192,3.146,3.160,3.169,3.173,ok
pull,1,16384,4.907,4.929,4.945,4.948,ok
pull,1,32768,8.415,8.468,8.498,8.505,ok
pull,1,65536,15.404,15.454,15.489,15.511,ok
pull,1,131072,29.303,29.387,29.458,29.481,ok
pull,2,4096,2.602,2.681,2.686,2.709,ok
pull,2,8192,3.450,3.575,3.592,3.718,ok
pull,2,16384,5.217,5.342,5.361,5.412,ok
pull,2,32768,8.726,8.885,8.918,8.958,ok
pull,2,65536,15.735,15.860,15.920,15.961,ok
pull,2,131072,29.686,29.796,29.870,29.939,ok
pull,4,4096,3.054,3.137,3.286,3.313,ok
pull,4,8192,3.785,3.812,3.990,4.093,ok
pull,4,16384,5.552,5.730,5.854,5.986,ok
pull,4,32768,9.545,9.719,9.889,9.906,ok
pull,4,65536,16.656,16.825,16.915,16.997,ok
pull,4,131072,31.443,31.673,31.800,31.922,ok
pull,8,4096,2.992,3.181,3.330,3.402,ok
pull,8,8192,4.009,4.093,4.249,4.264,ok
pull,8,16384,5.876,5.968,6.129,6.152,ok
pull,8,32768,9.592,9.788,9.900,9.973,ok
pull,8,65536,16.932,17.302,17.396,17.466,ok
pull,8,131072,31.690,31.907,32.083,32.150,ok
pull,16,4096,3.131,3.309,3.442,3.464,ok
pull,16,8192,4.065,4.196,4.426,4.467,ok
pull,16,16384,5.956,6.067,6.301,6.428,ok
pull,16,32768,9.683,9.906,9.989,10.032,ok
pull,16,65536,17.142,17.302,17.478,17.536,ok
pull,16,131072,31.918,32.150,32.325,32.399,ok
pull,32,4096,3.408,3.608,3.730,3.770,ok
pull,32,8192,4.319,4.562,4.669,4.730,ok
pull,32,16384,6.205,6.378,6.525,6.569,ok
pull,32,32768,9.943,10.086,10.210,10.269,ok
pull,32,65536,17.390,17.594,17.785,17.830,ok
pull,32,131072,32.227,32.467,32.612,32.685,ok
